,team_id,player_id,player_fullName,player_link,player_code,player_name,player_type,player_abbreviation
0,1,8473541,Jonathan Bernier,/api/v1/people/8473541,G,Goalie,Goalie,G
1,1,8476292,Ondrej Palat,/api/v1/people/8476292,L,Left Wing,Forward,LW
2,1,8474090,Brendan Smith,/api/v1/people/8474090,D,Defenseman,Defenseman,D
3,1,8475193,Tomas Tatar,/api/v1/people/8475193,L,Left Wing,Forward,LW
4,1,8475287,Erik Haula,/api/v1/people/8475287,L,Left Wing,Forward,LW
5,1,8476462,Dougie Hamilton,/api/v1/people/8476462,D,Defenseman,Defenseman,D
6,1,8476923,Damon Severson,/api/v1/people/8476923,D,Defenseman,Defenseman,D
7,1,8477341,Andreas Johnsson,/api/v1/people/8477341,L,Left Wing,Forward,LW
8,1,8477425,Miles Wood,/api/v1/people/8477425,L,Left Wing,Forward,LW
9,1,8477435,Ryan Graves,/api/v1/people/8477435,D,Defenseman,Defenseman,D
10,1,8477970,Vitek Vanecek,/api/v1/people/8477970,G,Goalie,Goalie,G
11,1,8478399,Jonas Siegenthaler,/api/v1/people/8478399,D,Defenseman,Defenseman,D
12,1,8478406,Mackenzie Blackwood,/api/v1/people/8478406,G,Goalie,Goalie,G
13,1,8478507,John Marino,/api/v1/people/8478507,D,Defenseman,Defenseman,D
14,1,8479407,Jesper Bratt,/api/v1/people/8479407,L,Left Wing,Forward,LW
15,1,8479414,Nathan Bastian,/api/v1/people/8479414,R,Right Wing,Forward,RW
16,1,8479415,Michael McLeod,/api/v1/people/8479415,C,Center,Forward,C
17,1,8480002,Nico Hischier,/api/v1/people/8480002,C,Center,Forward,C
18,1,8480003,Jesper Boqvist,/api/v1/people/8480003,C,Center,Forward,C
19,1,8480188,Fabian Zetterlund,/api/v1/people/8480188,L,Left Wing,Forward,LW
20,1,8480860,Kevin Bahl,/api/v1/people/8480860,D,Defenseman,Defenseman,D
21,1,8481068,Yegor Sharangovich,/api/v1/people/8481068,C,Center,Forward,C
22,1,8481559,Jack Hughes,/api/v1/people/8481559,C,Center,Forward,C
23,1,8482110,Dawson Mercer,/api/v1/people/8482110,C,Center,Forward,C
24,1,8482125,Alexander Holtz,/api/v1/people/8482125,R,Right Wing,Forward,RW
25,2,8473504,Cal Clutterbuck,/api/v1/people/8473504,R,Right Wing,Forward,RW
26,2,8476917,Adam Pelech,/api/v1/people/8476917,D,Defenseman,Defenseman,D
27,2,8470610,Zach Parise,/api/v1/people/8470610,L,Left Wing,Forward,LW
28,2,8471239,Cory Schneider,/api/v1/people/8471239,G,Goalie,Goalie,G
29,2,8473575,Semyon Varlamov,/api/v1/people/8473575,G,Goalie,Goalie,G
30,2,8474573,Josh Bailey,/api/v1/people/8474573,R,Right Wing,Forward,RW
31,2,8474709,Matt Martin,/api/v1/people/8474709,L,Left Wing,Forward,LW
32,2,8475151,Kyle Palmieri,/api/v1/people/8475151,C,Center,Forward,C
33,2,8475231,Casey Cizikas,/api/v1/people/8475231,C,Center,Forward,C
34,2,8475314,Anders Lee,/api/v1/people/8475314,L,Left Wing,Forward,LW
35,2,8475754,Brock Nelson,/api/v1/people/8475754,C,Center,Forward,C
36,2,8476419,Jean-Gabriel Pageau,/api/v1/people/8476419,C,Center,Forward,C
37,2,8476429,Scott Mayfield,/api/v1/people/8476429,D,Defenseman,Defenseman,D
38,2,8477392,Hudson Fasching,/api/v1/people/8477392,R,Right Wing,Forward,RW
39,2,8477506,Ryan Pulock,/api/v1/people/8477506,D,Defenseman,Defenseman,D
40,2,8477527,Ross Johnston,/api/v1/people/8477527,L,Left Wing,Forward,LW
41,2,8478009,Ilya Sorokin,/api/v1/people/8478009,G,Goalie,Goalie,G
42,2,8478445,Mathew Barzal,/api/v1/people/8478445,C,Center,Forward,C
43,2,8478463,Anthony Beauvillier,/api/v1/people/8478463,L,Left Wing,Forward,LW
44,2,8480071,Robin Salo,/api/v1/people/8480071,D,Defenseman,Defenseman,D
45,2,8480222,Sebastian Aho,/api/v1/people/8480222,D,Defenseman,Defenseman,D
46,2,8480789,Oliver Wahlstrom,/api/v1/people/8480789,R,Right Wing,Forward,RW
47,2,8480865,Noah Dobson,/api/v1/people/8480865,D,Defenseman,Defenseman,D
48,2,8481014,Alexander Romanov,/api/v1/people/8481014,D,Defenseman,Defenseman,D
49,2,8481601,Simon Holmstrom,/api/v1/people/8481601,R,Right Wing,Forward,RW
50,3,8470860,Jaroslav Halak,/api/v1/people/8470860,G,Goalie,Goalie,G
51,3,8475184,Chris Kreider,/api/v1/people/8475184,L,Left Wing,Forward,LW
52,3,8476389,Vincent Trocheck,/api/v1/people/8476389,C,Center,Forward,C
53,3,8476459,Mika Zibanejad,/api/v1/people/8476459,C,Center,Forward,C
54,3,8476624,Barclay Goodrow,/api/v1/people/8476624,C,Center,Forward,C
55,3,8476885,Jacob Trouba,/api/v1/people/8476885,D,Defenseman,Defenseman,D
56,3,8476918,Jimmy Vesey,/api/v1/people/8476918,L,Left Wing,Forward,LW
57,3,8477380,Jonny Brodzinski,/api/v1/people/8477380,C,Center,Forward,C
58,3,8477433,Ben Harpur,/api/v1/people/8477433,D,Defenseman,Defenseman,D
59,3,8478048,Igor Shesterkin,/api/v1/people/8478048,G,Goalie,Goalie,G
60,3,8478104,Sammy Blais,/api/v1/people/8478104,L,Left Wing,Forward,LW
61,3,8478550,Artemi Panarin,/api/v1/people/8478550,L,Left Wing,Forward,LW
62,3,8479323,Adam Fox,/api/v1/people/8479323,D,Defenseman,Defenseman,D
63,3,8479324,Ryan Lindgren,/api/v1/people/8479324,D,Defenseman,Defenseman,D
64,3,8479328,Julien Gauthier,/api/v1/people/8479328,R,Right Wing,Forward,RW
65,3,8479333,Libor Hajek,/api/v1/people/8479333,D,Defenseman,Defenseman,D
66,3,8480078,Filip Chytil,/api/v1/people/8480078,C,Center,Forward,C
67,3,8480817,K'Andre Miller,/api/v1/people/8480817,D,Defenseman,Defenseman,D
68,3,8480833,Vitali Kravtsov,/api/v1/people/8480833,R,Right Wing,Forward,RW
69,3,8481554,Kaapo Kakko,/api/v1/people/8481554,R,Right Wing,Forward,RW
70,3,8482073,Braden Schneider,/api/v1/people/8482073,D,Defenseman,Defenseman,D
71,3,8482109,Alexis Lafrenière,/api/v1/people/8482109,L,Left Wing,Forward,LW
72,4,8474715,Cam Atkinson,/api/v1/people/8474715,R,Right Wing,Forward,RW
73,4,8475176,Ryan Ellis,/api/v1/people/8475176,D,Defenseman,Defenseman,D
74,4,8476461,Sean Couturier,/api/v1/people/8476461,C,Center,Forward,C
75,4,8479550,Tanner Laczynski,/api/v1/people/8479550,C,Center,Forward,C
76,4,8474027,Justin Braun,/api/v1/people/8474027,D,Defenseman,Defenseman,D
77,4,8474037,James van Riemsdyk,/api/v1/people/8474037,L,Left Wing,Forward,LW
78,4,8475235,Nicolas Deslauriers,/api/v1/people/8475235,L,Left Wing,Forward,LW
79,4,8475763,Kevin Hayes,/api/v1/people/8475763,C,Center,Forward,C
80,4,8476372,Nick Seeler,/api/v1/people/8476372,D,Defenseman,Defenseman,D
81,4,8476872,Scott Laughton,/api/v1/people/8476872,C,Center,Forward,C
82,4,8477499,Rasmus Ristolainen,/api/v1/people/8477499,D,Defenseman,Defenseman,D
83,4,8477887,Patrick Brown,/api/v1/people/8477887,C,Center,Forward,C
84,4,8477948,Travis Sanheim,/api/v1/people/8477948,D,Defenseman,Defenseman,D
85,4,8477950,Tony DeAngelo,/api/v1/people/8477950,D,Defenseman,Defenseman,D
86,4,8478051,Max Willman,/api/v1/people/8478051,C,Center,Forward,C
87,4,8478433,Felix Sandstrom,/api/v1/people/8478433,G,Goalie,Goalie,G
88,4,8478439,Travis Konecny,/api/v1/people/8478439,R,Right Wing,Forward,RW
89,4,8478500,Ivan Provorov,/api/v1/people/8478500,D,Defenseman,Defenseman,D
90,4,8479322,Wade Allison,/api/v1/people/8479322,R,Right Wing,Forward,RW
91,4,8479394,Carter Hart,/api/v1/people/8479394,G,Goalie,Goalie,G
92,4,8479772,Zack MacEwen,/api/v1/people/8479772,C,Center,Forward,C
93,4,8480015,Owen Tippett,/api/v1/people/8480015,R,Right Wing,Forward,RW
94,4,8480028,Morgan Frost,/api/v1/people/8480028,C,Center,Forward,C
95,4,8480220,Noah Cates,/api/v1/people/8480220,L,Left Wing,Forward,LW
96,4,8480797,Joel Farabee,/api/v1/people/8480797,L,Left Wing,Forward,LW
97,4,8481035,Samuel Ersson,/api/v1/people/8481035,G,Goalie,Goalie,G
98,4,8481546,Cam York,/api/v1/people/8481546,D,Defenseman,Defenseman,D
99,5,8473507,Jeff Petry,/api/v1/people/8473507,D,Defenseman,Defenseman,D
100,5,8470604,Jeff Carter,/api/v1/people/8470604,C,Center,Forward,C
101,5,8471215,Evgeni Malkin,/api/v1/people/8471215,C,Center,Forward,C
102,5,8471675,Sidney Crosby,/api/v1/people/8471675,C,Center,Forward,C
103,5,8471724,Kris Letang,/api/v1/people/8471724,D,Defenseman,Defenseman,D
104,5,8475208,Brian Dumoulin,/api/v1/people/8475208,D,Defenseman,Defenseman,D
105,5,8475722,Jason Zucker,/api/v1/people/8475722,L,Left Wing,Forward,LW
106,5,8475810,Bryan Rust,/api/v1/people/8475810,R,Right Wing,Forward,RW
107,5,8476326,Josh Archibald,/api/v1/people/8476326,R,Right Wing,Forward,RW
108,5,8476483,Rickard Rakell,/api/v1/people/8476483,R,Right Wing,Forward,RW
109,5,8476927,Teddy Blueger,/api/v1/people/8476927,C,Center,Forward,C
110,5,8476934,Brock McGinn,/api/v1/people/8476934,L,Left Wing,Forward,LW
111,5,8477244,Chad Ruhwedel,/api/v1/people/8477244,D,Defenseman,Defenseman,D
112,5,8477404,Jake Guentzel,/api/v1/people/8477404,L,Left Wing,Forward,LW
113,5,8477465,Tristan Jarry,/api/v1/people/8477465,G,Goalie,Goalie,G
114,5,8477953,Kasperi Kapanen,/api/v1/people/8477953,R,Right Wing,Forward,RW
115,5,8477969,Marcus Pettersson,/api/v1/people/8477969,D,Defenseman,Defenseman,D
116,5,8478017,Mark Friedman,/api/v1/people/8478017,D,Defenseman,Defenseman,D
117,5,8478046,Danton Heinen,/api/v1/people/8478046,L,Left Wing,Forward,LW
118,5,8479193,Casey DeSmith,/api/v1/people/8479193,G,Goalie,Goalie,G
119,5,8480058,Pierre-Olivier Joseph,/api/v1/people/8480058,D,Defenseman,Defenseman,D
120,5,8480068,Ryan Poehling,/api/v1/people/8480068,C,Center,Forward,C
121,5,8480172,Jan Rutta,/api/v1/people/8480172,D,Defenseman,Defenseman,D
122,5,8482055,Drew O'Connor,/api/v1/people/8482055,L,Left Wing,Forward,LW
123,6,8471873,Anton Stralman,/api/v1/people/8471873,D,Defenseman,Defenseman,D
124,6,8470638,Patrice Bergeron,/api/v1/people/8470638,C,Center,Forward,C
125,6,8471276,David Krejci,/api/v1/people/8471276,C,Center,Forward,C
126,6,8473419,Brad Marchand,/api/v1/people/8473419,L,Left Wing,Forward,LW
127,6,8473422,Nick Foligno,/api/v1/people/8473422,L,Left Wing,Forward,LW
128,6,8475225,Craig Smith,/api/v1/people/8475225,C,Center,Forward,C
129,6,8475745,Charlie Coyle,/api/v1/people/8475745,C,Center,Forward,C
130,6,8475762,Derek Forbort,/api/v1/people/8475762,D,Defenseman,Defenseman,D
131,6,8475791,Taylor Hall,/api/v1/people/8475791,L,Left Wing,Forward,LW
132,6,8476854,Hampus Lindholm,/api/v1/people/8476854,D,Defenseman,Defenseman,D
133,6,8476891,Matt Grzelcyk,/api/v1/people/8476891,D,Defenseman,Defenseman,D
134,6,8476999,Linus Ullmark,/api/v1/people/8476999,G,Goalie,Goalie,G
135,6,8477365,Connor Clifton,/api/v1/people/8477365,D,Defenseman,Defenseman,D
136,6,8477931,Tomas Nosek,/api/v1/people/8477931,L,Left Wing,Forward,LW
137,6,8477956,David Pastrnak,/api/v1/people/8477956,R,Right Wing,Forward,RW
138,6,8478401,Pavel Zacha,/api/v1/people/8478401,C,Center,Forward,C
139,6,8478415,Jakub Zboril,/api/v1/people/8478415,D,Defenseman,Defenseman,D
140,6,8478421,A.J. Greer,/api/v1/people/8478421,L,Left Wing,Forward,LW
141,6,8478443,Brandon Carlo,/api/v1/people/8478443,D,Defenseman,Defenseman,D
142,6,8478498,Jake DeBrusk,/api/v1/people/8478498,L,Left Wing,Forward,LW
143,6,8479325,Charlie McAvoy,/api/v1/people/8479325,D,Defenseman,Defenseman,D
144,6,8479365,Trent Frederic,/api/v1/people/8479365,C,Center,Forward,C
145,6,8480280,Jeremy Swayman,/api/v1/people/8480280,G,Goalie,Goalie,G
146,7,8477480,Eric Comrie,/api/v1/people/8477480,G,Goalie,Goalie,G
147,7,8480035,Henri Jokiharju,/api/v1/people/8480035,D,Defenseman,Defenseman,D
148,7,8480196,Jacob Bryson,/api/v1/people/8480196,D,Defenseman,Defenseman,D
149,7,8467950,Craig Anderson,/api/v1/people/8467950,G,Goalie,Goalie,G
150,7,8473449,Kyle Okposo,/api/v1/people/8473449,R,Right Wing,Forward,RW
151,7,8475784,Jeff Skinner,/api/v1/people/8475784,L,Left Wing,Forward,LW
152,7,8476878,Zemgus Girgensons,/api/v1/people/8476878,L,Left Wing,Forward,LW
153,7,8476994,Vinnie Hinostroza,/api/v1/people/8476994,C,Center,Forward,C
154,7,8477949,Alex Tuch,/api/v1/people/8477949,R,Right Wing,Forward,RW
155,7,8478109,Victor Olofsson,/api/v1/people/8478109,L,Left Wing,Forward,LW
156,7,8479335,Rasmus Asplund,/api/v1/people/8479335,C,Center,Forward,C
157,7,8479348,Kale Clague,/api/v1/people/8479348,D,Defenseman,Defenseman,D
158,7,8479370,Tyson Jost,/api/v1/people/8479370,C,Center,Forward,C
159,7,8479420,Tage Thompson,/api/v1/people/8479420,C,Center,Forward,C
160,7,8479578,Casey Fitzgerald,/api/v1/people/8479578,D,Defenseman,Defenseman,D
161,7,8479999,Casey Mittelstadt,/api/v1/people/8479999,C,Center,Forward,C
162,7,8480045,Ukko-Pekka Luukkonen,/api/v1/people/8480045,G,Goalie,Goalie,G
163,7,8480807,Mattias Samuelsson,/api/v1/people/8480807,D,Defenseman,Defenseman,D
164,7,8480839,Rasmus Dahlin,/api/v1/people/8480839,D,Defenseman,Defenseman,D
165,7,8480935,Lawrence Pilut,/api/v1/people/8480935,D,Defenseman,Defenseman,D
166,7,8480950,Ilya Lyubushkin,/api/v1/people/8480950,D,Defenseman,Defenseman,D
167,7,8481522,Peyton Krebs,/api/v1/people/8481522,C,Center,Forward,C
168,7,8481528,Dylan Cozens,/api/v1/people/8481528,C,Center,Forward,C
169,7,8482097,Jack Quinn,/api/v1/people/8482097,R,Right Wing,Forward,RW
170,7,8482175,JJ Peterka,/api/v1/people/8482175,R,Right Wing,Forward,RW
171,7,8482671,Owen Power,/api/v1/people/8482671,D,Defenseman,Defenseman,D
172,8,8475233,David Savard,/api/v1/people/8475233,D,Defenseman,Defenseman,D
173,8,8475848,Brendan Gallagher,/api/v1/people/8475848,R,Right Wing,Forward,RW
174,8,8477497,Sean Monahan,/api/v1/people/8477497,C,Center,Forward,C
175,8,8474149,Evgenii Dadonov,/api/v1/people/8474149,R,Right Wing,Forward,RW
176,8,8474596,Jake Allen,/api/v1/people/8474596,G,Goalie,Goalie,G
177,8,8474884,Mike Hoffman,/api/v1/people/8474884,L,Left Wing,Forward,LW
178,8,8475227,Chris Wideman,/api/v1/people/8475227,D,Defenseman,Defenseman,D
179,8,8476441,Joel Edmundson,/api/v1/people/8476441,D,Defenseman,Defenseman,D
180,8,8476469,Joel Armia,/api/v1/people/8476469,R,Right Wing,Forward,RW
181,8,8476875,Mike Matheson,/api/v1/people/8476875,D,Defenseman,Defenseman,D
182,8,8476981,Josh Anderson,/api/v1/people/8476981,R,Right Wing,Forward,RW
183,8,8477494,Jonathan Drouin,/api/v1/people/8477494,L,Left Wing,Forward,LW
184,8,8477989,Christian Dvorak,/api/v1/people/8477989,C,Center,Forward,C
185,8,8478133,Jake Evans,/api/v1/people/8478133,C,Center,Forward,C
186,8,8478409,Anthony Richard,/api/v1/people/8478409,C,Center,Forward,C
187,8,8478470,Sam Montembeault,/api/v1/people/8478470,G,Goalie,Goalie,G
188,8,8479543,Michael Pezzetta,/api/v1/people/8479543,L,Left Wing,Forward,LW
189,8,8480018,Nick Suzuki,/api/v1/people/8480018,C,Center,Forward,C
190,8,8480192,Johnathan Kovacevic,/api/v1/people/8480192,D,Defenseman,Defenseman,D
191,8,8480887,Jordan Harris,/api/v1/people/8480887,D,Defenseman,Defenseman,D
192,8,8481523,Kirby Dach,/api/v1/people/8481523,C,Center,Forward,C
193,8,8481540,Cole Caufield,/api/v1/people/8481540,R,Right Wing,Forward,RW
194,8,8482087,Kaiden Guhle,/api/v1/people/8482087,D,Defenseman,Defenseman,D
195,8,8482964,Arber Xhekaj,/api/v1/people/8482964,D,Defenseman,Defenseman,D
196,8,8483515,Juraj Slafkovsky,/api/v1/people/8483515,L,Left Wing,Forward,LW
197,9,8478472,Mathieu Joseph,/api/v1/people/8478472,R,Right Wing,Forward,RW
198,9,8480064,Josh Norris,/api/v1/people/8480064,C,Center,Forward,C
199,9,8480879,Jacob Bernard-Docker,/api/v1/people/8480879,D,Defenseman,Defenseman,D
200,9,8482245,Artem Zub,/api/v1/people/8482245,D,Defenseman,Defenseman,D
201,9,8473512,Claude Giroux,/api/v1/people/8473512,R,Right Wing,Forward,RW
202,9,8473544,Derick Brassard,/api/v1/people/8473544,C,Center,Forward,C
203,9,8474207,Nick Holden,/api/v1/people/8474207,D,Defenseman,Defenseman,D
204,9,8474612,Travis Hamonic,/api/v1/people/8474612,D,Defenseman,Defenseman,D
205,9,8475660,Cam Talbot,/api/v1/people/8475660,G,Goalie,Goalie,G
206,9,8475766,Austin Watson,/api/v1/people/8475766,L,Left Wing,Forward,LW
207,9,8476341,Anton Forsberg,/api/v1/people/8476341,G,Goalie,Goalie,G
208,9,8477353,Tyler Motte,/api/v1/people/8477353,L,Left Wing,Forward,LW
209,9,8477471,Dillon Heatherington,/api/v1/people/8477471,D,Defenseman,Defenseman,D
210,9,8478078,Rourke Chartier,/api/v1/people/8478078,C,Center,Forward,C
211,9,8478469,Thomas Chabot,/api/v1/people/8478469,D,Defenseman,Defenseman,D
212,9,8479337,Alex DeBrincat,/api/v1/people/8479337,R,Right Wing,Forward,RW
213,9,8479458,Nikita Zaitsev,/api/v1/people/8479458,D,Defenseman,Defenseman,D
214,9,8479580,Dylan Gambrell,/api/v1/people/8479580,C,Center,Forward,C
215,9,8480073,Erik Brannstrom,/api/v1/people/8480073,D,Defenseman,Defenseman,D
216,9,8480208,Drake Batherson,/api/v1/people/8480208,R,Right Wing,Forward,RW
217,9,8480355,Mark Kastelic,/api/v1/people/8480355,C,Center,Forward,C
218,9,8480448,Parker Kelly,/api/v1/people/8480448,L,Left Wing,Forward,LW
219,9,8480801,Brady Tkachuk,/api/v1/people/8480801,L,Left Wing,Forward,LW
220,9,8481596,Shane Pinto,/api/v1/people/8481596,C,Center,Forward,C
221,9,8482105,Jake Sanderson,/api/v1/people/8482105,D,Defenseman,Defenseman,D
222,9,8482116,Tim Stützle,/api/v1/people/8482116,L,Left Wing,Forward,LW
223,10,8474162,Jake Muzzin,/api/v1/people/8474162,D,Defenseman,Defenseman,D
224,10,8476853,Morgan Rielly,/api/v1/people/8476853,D,Defenseman,Defenseman,D
225,10,8479376,Victor Mete,/api/v1/people/8479376,D,Defenseman,Defenseman,D
226,10,8480873,Rasmus Sandin,/api/v1/people/8480873,D,Defenseman,Defenseman,D
227,10,8481582,Nicholas Robertson,/api/v1/people/8481582,L,Left Wing,Forward,LW
228,10,8477472,Carl Dahlstrom,/api/v1/people/8477472,D,Defenseman,Defenseman,D
229,10,8470966,Mark Giordano,/api/v1/people/8470966,D,Defenseman,Defenseman,D
230,10,8474190,Wayne Simmonds,/api/v1/people/8474190,R,Right Wing,Forward,RW
231,10,8474673,TJ Brodie,/api/v1/people/8474673,D,Defenseman,Defenseman,D
232,10,8474818,Jordie Benn,/api/v1/people/8474818,D,Defenseman,Defenseman,D
233,10,8475166,John Tavares,/api/v1/people/8475166,C,Center,Forward,C
234,10,8475714,Calle Jarnkrok,/api/v1/people/8475714,C,Center,Forward,C
235,10,8475718,Justin Holl,/api/v1/people/8475718,D,Defenseman,Defenseman,D
236,10,8476899,Matt Murray,/api/v1/people/8476899,G,Goalie,Goalie,G
237,10,8477021,Alexander Kerfoot,/api/v1/people/8477021,C,Center,Forward,C
238,10,8477939,William Nylander,/api/v1/people/8477939,R,Right Wing,Forward,RW
239,10,8478047,Michael Bunting,/api/v1/people/8478047,L,Left Wing,Forward,LW
240,10,8478115,Pierre Engvall,/api/v1/people/8478115,L,Left Wing,Forward,LW
241,10,8478211,Dryden Hunt,/api/v1/people/8478211,L,Left Wing,Forward,LW
242,10,8478483,Mitchell Marner,/api/v1/people/8478483,R,Right Wing,Forward,RW
243,10,8478492,Ilya Samsonov,/api/v1/people/8478492,G,Goalie,Goalie,G
244,10,8479315,Joey Anderson,/api/v1/people/8479315,R,Right Wing,Forward,RW
245,10,8479318,Auston Matthews,/api/v1/people/8479318,C,Center,Forward,C
246,10,8479944,Zach Aston-Reese,/api/v1/people/8479944,C,Center,Forward,C
247,10,8479982,Conor Timmins,/api/v1/people/8479982,D,Defenseman,Defenseman,D
248,10,8480043,Timothy Liljegren,/api/v1/people/8480043,D,Defenseman,Defenseman,D
249,10,8480144,David Kampf,/api/v1/people/8480144,C,Center,Forward,C
250,10,8480995,Pontus Holmberg,/api/v1/people/8480995,R,Right Wing,Forward,RW
251,12,8475883,Frederik Andersen,/api/v1/people/8475883,G,Goalie,Goalie,G
252,12,8478131,Ondrej Kase,/api/v1/people/8478131,R,Right Wing,Forward,RW
253,12,8470613,Brent Burns,/api/v1/people/8470613,D,Defenseman,Defenseman,D
254,12,8471669,Paul Stastny,/api/v1/people/8471669,C,Center,Forward,C
255,12,8473533,Jordan Staal,/api/v1/people/8473533,C,Center,Forward,C
256,12,8474613,Derek Stepan,/api/v1/people/8474613,C,Center,Forward,C
257,12,8475177,Calvin de Haan,/api/v1/people/8475177,D,Defenseman,Defenseman,D
258,12,8475855,Jesper Fast,/api/v1/people/8475855,R,Right Wing,Forward,RW
259,12,8476474,Stefan Noesen,/api/v1/people/8476474,R,Right Wing,Forward,RW
260,12,8476869,Brady Skjei,/api/v1/people/8476869,D,Defenseman,Defenseman,D
261,12,8476882,Teuvo Teravainen,/api/v1/people/8476882,L,Left Wing,Forward,LW
262,12,8476921,Jordan Martinook,/api/v1/people/8476921,L,Left Wing,Forward,LW
263,12,8476958,Jaccob Slavin,/api/v1/people/8476958,D,Defenseman,Defenseman,D
264,12,8477293,Antti Raanta,/api/v1/people/8477293,G,Goalie,Goalie,G
265,12,8477488,Brett Pesce,/api/v1/people/8477488,D,Defenseman,Defenseman,D
266,12,8478427,Sebastian Aho,/api/v1/people/8478427,C,Center,Forward,C
267,12,8478970,Jalen Chatfield,/api/v1/people/8478970,D,Defenseman,Defenseman,D
268,12,8479639,Dylan Coghlan,/api/v1/people/8479639,D,Defenseman,Defenseman,D
269,12,8480039,Martin Necas,/api/v1/people/8480039,C,Center,Forward,C
270,12,8480829,Jesperi Kotkaniemi,/api/v1/people/8480829,C,Center,Forward,C
271,12,8480830,Andrei Svechnikov,/api/v1/people/8480830,R,Right Wing,Forward,RW
272,12,8480835,Jack Drury,/api/v1/people/8480835,C,Center,Forward,C
273,12,8481611,Pyotr Kochetkov,/api/v1/people/8481611,G,Goalie,Goalie,G
274,12,8482093,Seth Jarvis,/api/v1/people/8482093,C,Center,Forward,C
275,13,8471887,Patric Hornqvist,/api/v1/people/8471887,R,Right Wing,Forward,RW
276,13,8475462,Radko Gudas,/api/v1/people/8475462,D,Defenseman,Defenseman,D
277,13,8470595,Eric Staal,/api/v1/people/8470595,C,Center,Forward,C
278,13,8471686,Marc Staal,/api/v1/people/8471686,D,Defenseman,Defenseman,D
279,13,8474610,Zac Dalpe,/api/v1/people/8474610,C,Center,Forward,C
280,13,8475683,Sergei Bobrovsky,/api/v1/people/8475683,G,Goalie,Goalie,G
281,13,8476393,Nick Cousins,/api/v1/people/8476393,C,Center,Forward,C
282,13,8476919,Chris Tierney,/api/v1/people/8476919,C,Center,Forward,C
283,13,8477409,Carter Verhaeghe,/api/v1/people/8477409,C,Center,Forward,C
284,13,8477493,Aleksander Barkov,/api/v1/people/8477493,C,Center,Forward,C
285,13,8477932,Aaron Ekblad,/api/v1/people/8477932,D,Defenseman,Defenseman,D
286,13,8477933,Sam Reinhart,/api/v1/people/8477933,C,Center,Forward,C
287,13,8477935,Sam Bennett,/api/v1/people/8477935,C,Center,Forward,C
288,13,8477986,Brandon Montour,/api/v1/people/8477986,D,Defenseman,Defenseman,D
289,13,8478055,Gustav Forsling,/api/v1/people/8478055,D,Defenseman,Defenseman,D
290,13,8478400,Colin White,/api/v1/people/8478400,C,Center,Forward,C
291,13,8479066,Ryan Lomberg,/api/v1/people/8479066,L,Left Wing,Forward,LW
292,13,8479314,Matthew Tkachuk,/api/v1/people/8479314,L,Left Wing,Forward,LW
293,13,8479372,Josh Mahura,/api/v1/people/8479372,D,Defenseman,Defenseman,D
294,13,8480185,Eetu Luostarinen,/api/v1/people/8480185,C,Center,Forward,C
295,13,8481519,Spencer Knight,/api/v1/people/8481519,G,Goalie,Goalie,G
296,13,8482113,Anton Lundell,/api/v1/people/8482113,C,Center,Forward,C
297,13,8482641,Matt Kiersted,/api/v1/people/8482641,D,Defenseman,Defenseman,D
298,14,8478870,Rudolfs Balcers,/api/v1/people/8478870,L,Left Wing,Forward,LW
299,14,8470621,Corey Perry,/api/v1/people/8470621,R,Right Wing,Forward,RW
300,14,8470880,Brian Elliott,/api/v1/people/8470880,G,Goalie,Goalie,G
301,14,8473986,Alex Killorn,/api/v1/people/8473986,L,Left Wing,Forward,LW
302,14,8474013,Ian Cole,/api/v1/people/8474013,D,Defenseman,Defenseman,D
303,14,8474034,Pat Maroon,/api/v1/people/8474034,L,Left Wing,Forward,LW
304,14,8474564,Steven Stamkos,/api/v1/people/8474564,C,Center,Forward,C
305,14,8474567,Zach Bogosian,/api/v1/people/8474567,D,Defenseman,Defenseman,D
306,14,8475167,Victor Hedman,/api/v1/people/8475167,D,Defenseman,Defenseman,D
307,14,8476453,Nikita Kucherov,/api/v1/people/8476453,R,Right Wing,Forward,RW
308,14,8476480,Vladislav Namestnikov,/api/v1/people/8476480,C,Center,Forward,C
309,14,8476883,Andrei Vasilevskiy,/api/v1/people/8476883,G,Goalie,Goalie,G
310,14,8477426,Nicholas Paul,/api/v1/people/8477426,L,Left Wing,Forward,LW
311,14,8477930,Pierre-Edouard Bellemare,/api/v1/people/8477930,L,Left Wing,Forward,LW
312,14,8477938,Haydn Fleury,/api/v1/people/8477938,D,Defenseman,Defenseman,D
313,14,8478010,Brayden Point,/api/v1/people/8478010,C,Center,Forward,C
314,14,8478416,Erik Cernak,/api/v1/people/8478416,D,Defenseman,Defenseman,D
315,14,8478519,Anthony Cirelli,/api/v1/people/8478519,C,Center,Forward,C
316,14,8479410,Mikhail Sergachev,/api/v1/people/8479410,D,Defenseman,Defenseman,D
317,14,8479525,Ross Colton,/api/v1/people/8479525,C,Center,Forward,C
318,14,8479542,Brandon Hagel,/api/v1/people/8479542,L,Left Wing,Forward,LW
319,14,8479984,Cal Foote,/api/v1/people/8479984,D,Defenseman,Defenseman,D
320,14,8480246,Nick Perbix,/api/v1/people/8480246,D,Defenseman,Defenseman,D
321,15,8474176,Carl Hagelin,/api/v1/people/8474176,L,Left Wing,Forward,LW
322,15,8477015,Connor Brown,/api/v1/people/8477015,R,Right Wing,Forward,RW
323,15,8480796,Martin Fehervary,/api/v1/people/8480796,D,Defenseman,Defenseman,D
324,15,8473563,Nicklas Backstrom,/api/v1/people/8473563,C,Center,Forward,C
325,15,8476880,Tom Wilson,/api/v1/people/8476880,R,Right Wing,Forward,RW
326,15,8479321,Lucas Johansen,/api/v1/people/8479321,D,Defenseman,Defenseman,D
327,15,8482411,Hunter Shepard,/api/v1/people/8482411,G,Goalie,Goalie,G
328,15,8471214,Alex Ovechkin,/api/v1/people/8471214,L,Left Wing,Forward,LW
329,15,8471698,T.J. Oshie,/api/v1/people/8471698,R,Right Wing,Forward,RW
330,15,8474189,Lars Eller,/api/v1/people/8474189,C,Center,Forward,C
331,15,8474590,John Carlson,/api/v1/people/8474590,D,Defenseman,Defenseman,D
332,15,8475149,Marcus Johansson,/api/v1/people/8475149,L,Left Wing,Forward,LW
333,15,8475200,Dmitry Orlov,/api/v1/people/8475200,D,Defenseman,Defenseman,D
334,15,8475311,Darcy Kuemper,/api/v1/people/8475311,G,Goalie,Goalie,G
335,15,8475324,Nick Jensen,/api/v1/people/8475324,D,Defenseman,Defenseman,D
336,15,8475343,Nic Dowd,/api/v1/people/8475343,C,Center,Forward,C
337,15,8475625,Matt Irwin,/api/v1/people/8475625,D,Defenseman,Defenseman,D
338,15,8475744,Evgeny Kuznetsov,/api/v1/people/8475744,C,Center,Forward,C
339,15,8476979,Erik Gustafsson,/api/v1/people/8476979,D,Defenseman,Defenseman,D
340,15,8477511,Anthony Mantha,/api/v1/people/8477511,R,Right Wing,Forward,RW
341,15,8477839,Conor Sheary,/api/v1/people/8477839,L,Left Wing,Forward,LW
342,15,8477845,Trevor van Riemsdyk,/api/v1/people/8477845,D,Defenseman,Defenseman,D
343,15,8477903,Garnet Hathaway,/api/v1/people/8477903,R,Right Wing,Forward,RW
344,15,8477947,Sonny Milano,/api/v1/people/8477947,L,Left Wing,Forward,LW
345,15,8477979,Nicolas Aube-Kubel,/api/v1/people/8477979,R,Right Wing,Forward,RW
346,15,8478440,Dylan Strome,/api/v1/people/8478440,C,Center,Forward,C
347,15,8479292,Charlie Lindgren,/api/v1/people/8479292,G,Goalie,Goalie,G
348,15,8480823,Alexander Alexeyev,/api/v1/people/8480823,D,Defenseman,Defenseman,D
349,15,8481441,Joe Snively,/api/v1/people/8481441,C,Center,Forward,C
350,15,8481656,Aliaksei Protas,/api/v1/people/8481656,C,Center,Forward,C
351,16,8475797,Jarred Tinordi,/api/v1/people/8475797,D,Defenseman,Defenseman,D
352,16,8471677,Jack Johnson,/api/v1/people/8471677,D,Defenseman,Defenseman,D
353,16,8471774,Alex Stalock,/api/v1/people/8471774,G,Goalie,Goalie,G
354,16,8473604,Jonathan Toews,/api/v1/people/8473604,C,Center,Forward,C
355,16,8474141,Patrick Kane,/api/v1/people/8474141,R,Right Wing,Forward,RW
356,16,8474870,Tyler Johnson,/api/v1/people/8474870,C,Center,Forward,C
357,16,8475852,Petr Mrazek,/api/v1/people/8475852,G,Goalie,Goalie,G
358,16,8476278,Colin Blackwell,/api/v1/people/8476278,C,Center,Forward,C
359,16,8476473,Connor Murphy,/api/v1/people/8476473,D,Defenseman,Defenseman,D
360,16,8476915,Jujhar Khaira,/api/v1/people/8476915,L,Left Wing,Forward,LW
361,16,8476931,Jake McCabe,/api/v1/people/8476931,D,Defenseman,Defenseman,D
362,16,8476960,Andreas Athanasiou,/api/v1/people/8476960,C,Center,Forward,C
363,16,8477450,Jason Dickinson,/api/v1/people/8477450,C,Center,Forward,C
364,16,8477495,Seth Jones,/api/v1/people/8477495,D,Defenseman,Defenseman,D
365,16,8477503,Max Domi,/api/v1/people/8477503,C,Center,Forward,C
366,16,8478043,Sam Lafferty,/api/v1/people/8478043,C,Center,Forward,C
367,16,8478452,Caleb Jones,/api/v1/people/8478452,D,Defenseman,Defenseman,D
368,16,8479383,Boris Katchouk,/api/v1/people/8479383,L,Left Wing,Forward,LW
369,16,8479390,Taylor Raddysh,/api/v1/people/8479390,R,Right Wing,Forward,RW
370,16,8480025,MacKenzie Entwistle,/api/v1/people/8480025,R,Right Wing,Forward,RW
371,16,8480070,Ian Mitchell,/api/v1/people/8480070,D,Defenseman,Defenseman,D
372,16,8480798,Philipp Kurashev,/api/v1/people/8480798,C,Center,Forward,C
373,16,8481147,Reese Johnson,/api/v1/people/8481147,C,Center,Forward,C
374,16,8482192,Isaak Phillips,/api/v1/people/8482192,D,Defenseman,Defenseman,D
375,17,8477462,Robert Hagg,/api/v1/people/8477462,D,Defenseman,Defenseman,D
376,17,8477479,Tyler Bertuzzi,/api/v1/people/8477479,L,Left Wing,Forward,LW
377,17,8477952,Robby Fabbri,/api/v1/people/8477952,C,Center,Forward,C
378,17,8479644,Matt Luff,/api/v1/people/8479644,R,Right Wing,Forward,RW
379,17,8480821,Filip Zadina,/api/v1/people/8480821,R,Right Wing,Forward,RW
380,17,8474102,David Perron,/api/v1/people/8474102,L,Left Wing,Forward,LW
381,17,8475279,Ben Chiarot,/api/v1/people/8475279,D,Defenseman,Defenseman,D
382,17,8476433,Magnus Hellberg,/api/v1/people/8476433,G,Goalie,Goalie,G
383,17,8476874,Olli Maatta,/api/v1/people/8476874,D,Defenseman,Defenseman,D
384,17,8476897,Oskar Sundqvist,/api/v1/people/8476897,C,Center,Forward,C
385,17,8477330,Dominik Kubalik,/api/v1/people/8477330,L,Left Wing,Forward,LW
386,17,8477429,Andrew Copp,/api/v1/people/8477429,C,Center,Forward,C
387,17,8477454,Adam Erne,/api/v1/people/8477454,L,Left Wing,Forward,LW
388,17,8477851,Jordan Oesterle,/api/v1/people/8477851,D,Defenseman,Defenseman,D
389,17,8477946,Dylan Larkin,/api/v1/people/8477946,C,Center,Forward,C
390,17,8477968,Alex Nedeljkovic,/api/v1/people/8477968,G,Goalie,Goalie,G
391,17,8478013,Jake Walman,/api/v1/people/8478013,D,Defenseman,Defenseman,D
392,17,8478024,Ville Husso,/api/v1/people/8478024,G,Goalie,Goalie,G
393,17,8479425,Filip Hronek,/api/v1/people/8479425,D,Defenseman,Defenseman,D
394,17,8479992,Michael Rasmussen,/api/v1/people/8479992,C,Center,Forward,C
395,17,8480184,Gustav Lindstrom,/api/v1/people/8480184,D,Defenseman,Defenseman,D
396,17,8480459,Pius Suter,/api/v1/people/8480459,C,Center,Forward,C
397,17,8480813,Joe Veleno,/api/v1/people/8480813,C,Center,Forward,C
398,17,8481542,Moritz Seider,/api/v1/people/8481542,D,Defenseman,Defenseman,D
399,17,8481725,Elmer Soderblom,/api/v1/people/8481725,L,Left Wing,Forward,LW
400,17,8482078,Lucas Raymond,/api/v1/people/8482078,L,Left Wing,Forward,LW
401,18,8474697,Mark Borowiecki,/api/v1/people/8474697,D,Defenseman,Defenseman,D
402,18,8474151,Ryan McDonagh,/api/v1/people/8474151,D,Defenseman,Defenseman,D
403,18,8474600,Roman Josi,/api/v1/people/8474600,D,Defenseman,Defenseman,D
404,18,8475168,Matt Duchene,/api/v1/people/8475168,C,Center,Forward,C
405,18,8475218,Mattias Ekholm,/api/v1/people/8475218,D,Defenseman,Defenseman,D
406,18,8475793,Ryan Johansen,/api/v1/people/8475793,C,Center,Forward,C
407,18,8475798,Mikael Granlund,/api/v1/people/8475798,C,Center,Forward,C
408,18,8475799,Nino Niederreiter,/api/v1/people/8475799,R,Right Wing,Forward,RW
409,18,8476873,Mark Jankowski,/api/v1/people/8476873,C,Center,Forward,C
410,18,8476887,Filip Forsberg,/api/v1/people/8476887,L,Left Wing,Forward,LW
411,18,8476925,Colton Sissons,/api/v1/people/8476925,C,Center,Forward,C
412,18,8477424,Juuse Saros,/api/v1/people/8477424,G,Goalie,Goalie,G
413,18,8477446,Michael McCarron,/api/v1/people/8477446,R,Right Wing,Forward,RW
414,18,8478438,Thomas Novak,/api/v1/people/8478438,C,Center,Forward,C
415,18,8478468,Jeremy Lauzon,/api/v1/people/8478468,D,Defenseman,Defenseman,D
416,18,8478508,Yakov Trenin,/api/v1/people/8478508,C,Center,Forward,C
417,18,8478851,Alexandre Carrier,/api/v1/people/8478851,D,Defenseman,Defenseman,D
418,18,8479371,Dante Fabbro,/api/v1/people/8479371,D,Defenseman,Defenseman,D
419,18,8479661,Tanner Jeannot,/api/v1/people/8479661,L,Left Wing,Forward,LW
420,18,8479996,Cody Glass,/api/v1/people/8479996,C,Center,Forward,C
421,18,8480947,Kevin Lankinen,/api/v1/people/8480947,G,Goalie,Goalie,G
422,18,8481704,Juuso Parssinen,/api/v1/people/8481704,C,Center,Forward,C
423,18,8482062,Cole Smith,/api/v1/people/8482062,L,Left Wing,Forward,LW
424,19,8481059,Scott Perunovich,/api/v1/people/8481059,D,Defenseman,Defenseman,D
425,19,8474618,Marco Scandella,/api/v1/people/8474618,D,Defenseman,Defenseman,D
426,19,8471306,Thomas Greiss,/api/v1/people/8471306,G,Goalie,Goalie,G
427,19,8474145,Robert Bortuzzo,/api/v1/people/8474145,D,Defenseman,Defenseman,D
428,19,8475158,Ryan O'Reilly,/api/v1/people/8475158,C,Center,Forward,C
429,19,8475170,Brayden Schenn,/api/v1/people/8475170,C,Center,Forward,C
430,19,8475181,Nick Leddy,/api/v1/people/8475181,D,Defenseman,Defenseman,D
431,19,8475752,Tyler Pitlick,/api/v1/people/8475752,C,Center,Forward,C
432,19,8475753,Justin Faulk,/api/v1/people/8475753,D,Defenseman,Defenseman,D
433,19,8475765,Vladimir Tarasenko,/api/v1/people/8475765,R,Right Wing,Forward,RW
434,19,8476410,Josh Leivo,/api/v1/people/8476410,L,Left Wing,Forward,LW
435,19,8476412,Jordan Binnington,/api/v1/people/8476412,G,Goalie,Goalie,G
436,19,8476438,Brandon Saad,/api/v1/people/8476438,L,Left Wing,Forward,LW
437,19,8476792,Torey Krug,/api/v1/people/8476792,D,Defenseman,Defenseman,D
438,19,8476892,Colton Parayko,/api/v1/people/8476892,D,Defenseman,Defenseman,D
439,19,8477402,Pavel Buchnevich,/api/v1/people/8477402,L,Left Wing,Forward,LW
440,19,8477573,Nathan Walker,/api/v1/people/8477573,L,Left Wing,Forward,LW
441,19,8477964,Ivan Barbashev,/api/v1/people/8477964,C,Center,Forward,C
442,19,8478569,Noel Acciari,/api/v1/people/8478569,C,Center,Forward,C
443,19,8478859,Niko Mikkola,/api/v1/people/8478859,D,Defenseman,Defenseman,D
444,19,8479366,Logan Brown,/api/v1/people/8479366,C,Center,Forward,C
445,19,8479385,Jordan Kyrou,/api/v1/people/8479385,C,Center,Forward,C
446,19,8480023,Robert Thomas,/api/v1/people/8480023,C,Center,Forward,C
447,19,8480157,Calle Rosen,/api/v1/people/8480157,D,Defenseman,Defenseman,D
448,19,8480281,Alexey Toropchenko,/api/v1/people/8480281,R,Right Wing,Forward,RW
449,20,8478502,Dennis Gilbert,/api/v1/people/8478502,D,Defenseman,Defenseman,D
450,20,8482241,Radim Zohorna,/api/v1/people/8482241,L,Left Wing,Forward,LW
451,20,8473453,Trevor Lewis,/api/v1/people/8473453,C,Center,Forward,C
452,20,8473473,Milan Lucic,/api/v1/people/8473473,L,Left Wing,Forward,LW
453,20,8474150,Mikael Backlund,/api/v1/people/8474150,C,Center,Forward,C
454,20,8474593,Jacob Markstrom,/api/v1/people/8474593,G,Goalie,Goalie,G
455,20,8474628,Michael Stone,/api/v1/people/8474628,D,Defenseman,Defenseman,D
456,20,8475172,Nazem Kadri,/api/v1/people/8475172,C,Center,Forward,C
457,20,8475690,Chris Tanev,/api/v1/people/8475690,D,Defenseman,Defenseman,D
458,20,8475726,Tyler Toffoli,/api/v1/people/8475726,R,Right Wing,Forward,RW
459,20,8476399,Blake Coleman,/api/v1/people/8476399,C,Center,Forward,C
460,20,8476439,Brett Ritchie,/api/v1/people/8476439,R,Right Wing,Forward,RW
461,20,8476456,Jonathan Huberdeau,/api/v1/people/8476456,C,Center,Forward,C
462,20,8477346,MacKenzie Weegar,/api/v1/people/8477346,D,Defenseman,Defenseman,D
463,20,8477496,Elias Lindholm,/api/v1/people/8477496,C,Center,Forward,C
464,20,8477507,Nikita Zadorov,/api/v1/people/8477507,D,Defenseman,Defenseman,D
465,20,8478233,Andrew Mangiapane,/api/v1/people/8478233,L,Left Wing,Forward,LW
466,20,8478396,Noah Hanifin,/api/v1/people/8478396,D,Defenseman,Defenseman,D
467,20,8478397,Rasmus Andersson,/api/v1/people/8478397,D,Defenseman,Defenseman,D
468,20,8478435,Dan Vladar,/api/v1/people/8478435,G,Goalie,Goalie,G
469,20,8479346,Dillon Dube,/api/v1/people/8479346,C,Center,Forward,C
470,20,8479547,Matthew Phillips,/api/v1/people/8479547,C,Center,Forward,C
471,20,8480008,Adam Ruzicka,/api/v1/people/8480008,C,Center,Forward,C
472,20,8480084,Nick DeSimone,/api/v1/people/8480084,D,Defenseman,Defenseman,D
473,20,8482067,Connor Mackey,/api/v1/people/8482067,D,Defenseman,Defenseman,D
474,21,8476312,Josh Manson,/api/v1/people/8476312,D,Defenseman,Defenseman,D
475,21,8481524,Bowen Byram,/api/v1/people/8481524,D,Defenseman,Defenseman,D
476,21,8471794,Darren Helm,/api/v1/people/8471794,C,Center,Forward,C
477,21,8476948,Charles Hudon,/api/v1/people/8476948,L,Left Wing,Forward,LW
478,21,8480846,Sampo Ranta,/api/v1/people/8480846,L,Left Wing,Forward,LW
479,21,8482147,Jean-Luc Foudy,/api/v1/people/8482147,C,Center,Forward,C
480,21,8471699,Andrew Cogliano,/api/v1/people/8471699,C,Center,Forward,C
481,21,8473446,Erik Johnson,/api/v1/people/8473446,D,Defenseman,Defenseman,D
482,21,8476779,Brad Hunt,/api/v1/people/8476779,D,Defenseman,Defenseman,D
483,21,8477073,Kurtis MacDermid,/api/v1/people/8477073,D,Defenseman,Defenseman,D
484,21,8477456,J.T. Compher,/api/v1/people/8477456,L,Left Wing,Forward,LW
485,21,8477476,Artturi Lehkonen,/api/v1/people/8477476,L,Left Wing,Forward,LW
486,21,8477492,Nathan MacKinnon,/api/v1/people/8477492,C,Center,Forward,C
487,21,8477501,Valeri Nichushkin,/api/v1/people/8477501,R,Right Wing,Forward,RW
488,21,8477971,Andreas Englund,/api/v1/people/8477971,D,Defenseman,Defenseman,D
489,21,8478038,Devon Toews,/api/v1/people/8478038,D,Defenseman,Defenseman,D
490,21,8478420,Mikko Rantanen,/api/v1/people/8478420,R,Right Wing,Forward,RW
491,21,8478542,Evan Rodrigues,/api/v1/people/8478542,C,Center,Forward,C
492,21,8478843,Denis Malgin,/api/v1/people/8478843,C,Center,Forward,C
493,21,8479398,Samuel Girard,/api/v1/people/8479398,D,Defenseman,Defenseman,D
494,21,8479439,Jacob MacDonald,/api/v1/people/8479439,D,Defenseman,Defenseman,D
495,21,8480069,Cale Makar,/api/v1/people/8480069,D,Defenseman,Defenseman,D
496,21,8480382,Alexandar Georgiev,/api/v1/people/8480382,G,Goalie,Goalie,G
497,21,8480822,Martin Kaut,/api/v1/people/8480822,R,Right Wing,Forward,RW
498,21,8480925,Pavel Francouz,/api/v1/people/8480925,G,Goalie,Goalie,G
499,21,8481186,Logan O'Connor,/api/v1/people/8481186,R,Right Wing,Forward,RW
500,21,8481618,Alex Newhook,/api/v1/people/8481618,C,Center,Forward,C
501,21,8483570,Ben Meyers,/api/v1/people/8483570,C,Center,Forward,C
502,22,8475169,Evander Kane,/api/v1/people/8475169,L,Left Wing,Forward,LW
503,22,8480802,Ryan McLeod,/api/v1/people/8480802,C,Center,Forward,C
504,22,8475197,Tyson Barrie,/api/v1/people/8475197,D,Defenseman,Defenseman,D
505,22,8475786,Zach Hyman,/api/v1/people/8475786,L,Left Wing,Forward,LW
506,22,8475789,Jack Campbell,/api/v1/people/8475789,G,Goalie,Goalie,G
507,22,8476454,Ryan Nugent-Hopkins,/api/v1/people/8476454,C,Center,Forward,C
508,22,8476850,Ryan Murray,/api/v1/people/8476850,D,Defenseman,Defenseman,D
509,22,8476879,Cody Ceci,/api/v1/people/8476879,D,Defenseman,Defenseman,D
510,22,8476913,Devin Shore,/api/v1/people/8476913,C,Center,Forward,C
511,22,8476967,Brett Kulak,/api/v1/people/8476967,D,Defenseman,Defenseman,D
512,22,8477406,Mattias Janmark,/api/v1/people/8477406,C,Center,Forward,C
513,22,8477498,Darnell Nurse,/api/v1/people/8477498,D,Defenseman,Defenseman,D
514,22,8477934,Leon Draisaitl,/api/v1/people/8477934,C,Center,Forward,C
515,22,8477998,Warren Foegele,/api/v1/people/8477998,L,Left Wing,Forward,LW
516,22,8478402,Connor McDavid,/api/v1/people/8478402,C,Center,Forward,C
517,22,8478585,Derek Ryan,/api/v1/people/8478585,C,Center,Forward,C
518,22,8479338,Markus Niemelainen,/api/v1/people/8479338,D,Defenseman,Defenseman,D
519,22,8479344,Jesse Puljujarvi,/api/v1/people/8479344,R,Right Wing,Forward,RW
520,22,8479973,Stuart Skinner,/api/v1/people/8479973,G,Goalie,Goalie,G
521,22,8479977,Kailer Yamamoto,/api/v1/people/8479977,R,Right Wing,Forward,RW
522,22,8480011,Klim Kostin,/api/v1/people/8480011,C,Center,Forward,C
523,22,8480468,James Hamblin,/api/v1/people/8480468,L,Left Wing,Forward,LW
524,22,8480803,Evan Bouchard,/api/v1/people/8480803,D,Defenseman,Defenseman,D
525,22,8481598,Philip Broberg,/api/v1/people/8481598,D,Defenseman,Defenseman,D
526,22,8482077,Dylan Holloway,/api/v1/people/8482077,L,Left Wing,Forward,LW
527,23,8476871,Tanner Pearson,/api/v1/people/8476871,L,Left Wing,Forward,LW
528,23,8477359,Tucker Poolman,/api/v1/people/8477359,D,Defenseman,Defenseman,D
529,23,8477967,Thatcher Demko,/api/v1/people/8477967,G,Goalie,Goalie,G
530,23,8478408,Travis Dermott,/api/v1/people/8478408,D,Defenseman,Defenseman,D
531,23,8475413,Justin Dowling,/api/v1/people/8475413,C,Center,Forward,C
532,23,8480056,Jack Rathbone,/api/v1/people/8480056,D,Defenseman,Defenseman,D
533,23,8481617,Vasily Podkolzin,/api/v1/people/8481617,R,Right Wing,Forward,RW
534,23,8474568,Luke Schenn,/api/v1/people/8474568,D,Defenseman,Defenseman,D
535,23,8474574,Tyler Myers,/api/v1/people/8474574,D,Defenseman,Defenseman,D
536,23,8475171,Oliver Ekman-Larsson,/api/v1/people/8475171,D,Defenseman,Defenseman,D
537,23,8476468,J.T. Miller,/api/v1/people/8476468,C,Center,Forward,C
538,23,8477335,Kyle Burroughs,/api/v1/people/8477335,D,Defenseman,Defenseman,D
539,23,8477484,Spencer Martin,/api/v1/people/8477484,G,Goalie,Goalie,G
540,23,8477500,Bo Horvat,/api/v1/people/8477500,C,Center,Forward,C
541,23,8477508,Curtis Lazar,/api/v1/people/8477508,C,Center,Forward,C
542,23,8478057,Dakota Joshua,/api/v1/people/8478057,C,Center,Forward,C
543,23,8478444,Brock Boeser,/api/v1/people/8478444,R,Right Wing,Forward,RW
544,23,8478451,Ethan Bear,/api/v1/people/8478451,D,Defenseman,Defenseman,D
545,23,8478856,Conor Garland,/api/v1/people/8478856,R,Right Wing,Forward,RW
546,23,8478967,Lane Pederson,/api/v1/people/8478967,C,Center,Forward,C
547,23,8479388,Riley Stillman,/api/v1/people/8479388,D,Defenseman,Defenseman,D
548,23,8480012,Elias Pettersson,/api/v1/people/8480012,C,Center,Forward,C
549,23,8480021,Jack Studnicka,/api/v1/people/8480021,C,Center,Forward,C
550,23,8480326,Sheldon Dries,/api/v1/people/8480326,C,Center,Forward,C
551,23,8480420,Collin Delia,/api/v1/people/8480420,G,Goalie,Goalie,G
552,23,8480800,Quinn Hughes,/api/v1/people/8480800,D,Defenseman,Defenseman,D
553,23,8481624,Ilya Mikheyev,/api/v1/people/8481624,R,Right Wing,Forward,RW
554,23,8482496,Nils Aman,/api/v1/people/8482496,C,Center,Forward,C
555,23,8483808,Andrei Kuzmenko,/api/v1/people/8483808,L,Left Wing,Forward,LW
556,24,8474683,Derek Grant,/api/v1/people/8474683,C,Center,Forward,C
557,24,8476932,Anthony Stolarz,/api/v1/people/8476932,G,Goalie,Goalie,G
558,24,8479368,Max Jones,/api/v1/people/8479368,L,Left Wing,Forward,LW
559,24,8480806,Isac Lundestrom,/api/v1/people/8480806,C,Center,Forward,C
560,24,8482142,Jamie Drysdale,/api/v1/people/8482142,D,Defenseman,Defenseman,D
561,24,8474031,Kevin Shattenkirk,/api/v1/people/8474031,D,Defenseman,Defenseman,D
562,24,8474641,Adam Henrique,/api/v1/people/8474641,C,Center,Forward,C
563,24,8475164,Jakob Silfverberg,/api/v1/people/8475164,R,Right Wing,Forward,RW
564,24,8475179,Dmitry Kulikov,/api/v1/people/8475179,D,Defenseman,Defenseman,D
565,24,8475764,Cam Fowler,/api/v1/people/8475764,D,Defenseman,Defenseman,D
566,24,8475842,Sam Carrick,/api/v1/people/8475842,C,Center,Forward,C
567,24,8475906,John Klingberg,/api/v1/people/8475906,D,Defenseman,Defenseman,D
568,24,8476434,John Gibson,/api/v1/people/8476434,G,Goalie,Goalie,G
569,24,8476458,Ryan Strome,/api/v1/people/8476458,C,Center,Forward,C
570,24,8476470,Nathan Beaulieu,/api/v1/people/8476470,D,Defenseman,Defenseman,D
571,24,8477126,Jayson Megna,/api/v1/people/8477126,C,Center,Forward,C
572,24,8477993,Justin Kirkland,/api/v1/people/8477993,C,Center,Forward,C
573,24,8478366,Frank Vatrano,/api/v1/people/8478366,R,Right Wing,Forward,RW
574,24,8478841,Colton White,/api/v1/people/8478841,D,Defenseman,Defenseman,D
575,24,8478873,Troy Terry,/api/v1/people/8478873,R,Right Wing,Forward,RW
576,24,8480001,Urho Vaakanainen,/api/v1/people/8480001,D,Defenseman,Defenseman,D
577,24,8480031,Max Comtois,/api/v1/people/8480031,L,Left Wing,Forward,LW
578,24,8480042,Olle Eriksson Ek,/api/v1/people/8480042,G,Goalie,Goalie,G
579,24,8480843,Lukas Dostal,/api/v1/people/8480843,G,Goalie,Goalie,G
580,24,8481122,Simon Benoit,/api/v1/people/8481122,D,Defenseman,Defenseman,D
581,24,8481517,Brett Leason,/api/v1/people/8481517,R,Right Wing,Forward,RW
582,24,8481533,Trevor Zegras,/api/v1/people/8481533,C,Center,Forward,C
583,24,8482745,Mason McTavish,/api/v1/people/8482745,C,Center,Forward,C
584,25,8470600,Ryan Suter,/api/v1/people/8470600,D,Defenseman,Defenseman,D
585,25,8470794,Joe Pavelski,/api/v1/people/8470794,C,Center,Forward,C
586,25,8473994,Jamie Benn,/api/v1/people/8473994,L,Left Wing,Forward,LW
587,25,8475794,Tyler Seguin,/api/v1/people/8475794,C,Center,Forward,C
588,25,8475809,Scott Wedgewood,/api/v1/people/8475809,G,Goalie,Goalie,G
589,25,8475825,Jani Hakanpää,/api/v1/people/8475825,D,Defenseman,Defenseman,D
590,25,8476525,Colin Miller,/api/v1/people/8476525,D,Defenseman,Defenseman,D
591,25,8476822,Luke Glendening,/api/v1/people/8476822,C,Center,Forward,C
592,25,8476889,Radek Faksa,/api/v1/people/8476889,C,Center,Forward,C
593,25,8476902,Esa Lindell,/api/v1/people/8476902,D,Defenseman,Defenseman,D
594,25,8477810,Joel Hanley,/api/v1/people/8477810,D,Defenseman,Defenseman,D
595,25,8478449,Roope Hintz,/api/v1/people/8478449,C,Center,Forward,C
596,25,8478495,Denis Gurianov,/api/v1/people/8478495,R,Right Wing,Forward,RW
597,25,8478975,Mason Marchment,/api/v1/people/8478975,L,Left Wing,Forward,LW
598,25,8479362,Riley Tufte,/api/v1/people/8479362,L,Left Wing,Forward,LW
599,25,8479979,Jake Oettinger,/api/v1/people/8479979,G,Goalie,Goalie,G
600,25,8480027,Jason Robertson,/api/v1/people/8480027,L,Left Wing,Forward,LW
601,25,8480036,Miro Heiskanen,/api/v1/people/8480036,D,Defenseman,Defenseman,D
602,25,8480848,Ty Dellandrea,/api/v1/people/8480848,C,Center,Forward,C
603,25,8480878,Nils Lundkvist,/api/v1/people/8480878,D,Defenseman,Defenseman,D
604,25,8481641,Joel Kiviranta,/api/v1/people/8481641,L,Left Wing,Forward,LW
605,25,8482740,Wyatt Johnston,/api/v1/people/8482740,C,Center,Forward,C
606,26,8471303,Alexander Edler,/api/v1/people/8471303,D,Defenseman,Defenseman,D
607,26,8471685,Anze Kopitar,/api/v1/people/8471685,C,Center,Forward,C
608,26,8471734,Jonathan Quick,/api/v1/people/8471734,G,Goalie,Goalie,G
609,26,8474563,Drew Doughty,/api/v1/people/8474563,D,Defenseman,Defenseman,D
610,26,8476479,Phillip Danault,/api/v1/people/8476479,C,Center,Forward,C
611,26,8477831,Pheonix Copley,/api/v1/people/8477831,G,Goalie,Goalie,G
612,26,8477942,Kevin Fiala,/api/v1/people/8477942,L,Left Wing,Forward,LW
613,26,8477960,Adrian Kempe,/api/v1/people/8477960,R,Right Wing,Forward,RW
614,26,8477962,Brendan Lemieux,/api/v1/people/8477962,L,Left Wing,Forward,LW
615,26,8478042,Viktor Arvidsson,/api/v1/people/8478042,R,Right Wing,Forward,RW
616,26,8478911,Matt Roy,/api/v1/people/8478911,D,Defenseman,Defenseman,D
617,26,8479336,Carl Grundstrom,/api/v1/people/8479336,R,Right Wing,Forward,RW
618,26,8479675,Trevor Moore,/api/v1/people/8479675,L,Left Wing,Forward,LW
619,26,8479994,Jaret Anderson-Dolan,/api/v1/people/8479994,C,Center,Forward,C
620,26,8479998,Mikey Anderson,/api/v1/people/8479998,D,Defenseman,Defenseman,D
621,26,8480014,Gabriel Vilardi,/api/v1/people/8480014,R,Right Wing,Forward,RW
622,26,8480113,Alex Iafallo,/api/v1/people/8480113,L,Left Wing,Forward,LW
623,26,8480336,Sean Walker,/api/v1/people/8480336,D,Defenseman,Defenseman,D
624,26,8480434,Sean Durzi,/api/v1/people/8480434,D,Defenseman,Defenseman,D
625,26,8480845,Rasmus Kupari,/api/v1/people/8480845,C,Center,Forward,C
626,26,8481481,Blake Lizotte,/api/v1/people/8481481,C,Center,Forward,C
627,26,8481560,Arthur Kaliyev,/api/v1/people/8481560,R,Right Wing,Forward,RW
628,26,8481606,Jordan Spence,/api/v1/people/8481606,D,Defenseman,Defenseman,D
629,28,8478906,Markus Nutivaara,/api/v1/people/8478906,D,Defenseman,Defenseman,D
630,28,8479316,Luke Kunin,/api/v1/people/8479316,C,Center,Forward,C
631,28,8471709,Marc-Edouard Vlasic,/api/v1/people/8471709,D,Defenseman,Defenseman,D
632,28,8473503,James Reimer,/api/v1/people/8473503,G,Goalie,Goalie,G
633,28,8474009,Nick Bonino,/api/v1/people/8474009,C,Center,Forward,C
634,28,8474053,Logan Couture,/api/v1/people/8474053,C,Center,Forward,C
635,28,8474578,Erik Karlsson,/api/v1/people/8474578,D,Defenseman,Defenseman,D
636,28,8476442,Matt Nieto,/api/v1/people/8476442,L,Left Wing,Forward,LW
637,28,8476449,Scott Harrington,/api/v1/people/8476449,D,Defenseman,Defenseman,D
638,28,8476881,Tomas Hertl,/api/v1/people/8476881,C,Center,Forward,C
639,28,8476988,Matt Benning,/api/v1/people/8476988,D,Defenseman,Defenseman,D
640,28,8477034,Jaycob Megna,/api/v1/people/8477034,D,Defenseman,Defenseman,D
641,28,8478039,Kaapo Kahkonen,/api/v1/people/8478039,G,Goalie,Goalie,G
642,28,8478058,CJ Suess,/api/v1/people/8478058,L,Left Wing,Forward,LW
643,28,8478067,Oskar Lindblom,/api/v1/people/8478067,L,Left Wing,Forward,LW
644,28,8478099,Kevin Labanc,/api/v1/people/8478099,R,Right Wing,Forward,RW
645,28,8478414,Timo Meier,/api/v1/people/8478414,R,Right Wing,Forward,RW
646,28,8478431,Evgeny Svechnikov,/api/v1/people/8478431,L,Left Wing,Forward,LW
647,28,8478904,Steven Lorentz,/api/v1/people/8478904,C,Center,Forward,C
648,28,8479393,Noah Gregor,/api/v1/people/8479393,C,Center,Forward,C
649,28,8479981,Jonah Gadjovich,/api/v1/people/8479981,L,Left Wing,Forward,LW
650,28,8479983,Mario Ferraro,/api/v1/people/8479983,D,Defenseman,Defenseman,D
651,28,8480160,Radim Simek,/api/v1/people/8480160,D,Defenseman,Defenseman,D
652,28,8481477,Nico Sturm,/api/v1/people/8481477,C,Center,Forward,C
653,28,8482222,Alexander Barabanov,/api/v1/people/8482222,L,Left Wing,Forward,LW
654,29,8474161,Jakub Voracek,/api/v1/people/8474161,R,Right Wing,Forward,RW
655,29,8476432,Boone Jenner,/api/v1/people/8476432,C,Center,Forward,C
656,29,8476914,Joonas Korpisalo,/api/v1/people/8476914,G,Goalie,Goalie,G
657,29,8478460,Zach Werenski,/api/v1/people/8478460,D,Defenseman,Defenseman,D
658,29,8479402,Jake Bean,/api/v1/people/8479402,D,Defenseman,Defenseman,D
659,29,8479941,Justin Danforth,/api/v1/people/8479941,R,Right Wing,Forward,RW
660,29,8480871,Adam Boqvist,/api/v1/people/8480871,D,Defenseman,Defenseman,D
661,29,8482475,Yegor Chinakhov,/api/v1/people/8482475,R,Right Wing,Forward,RW
662,29,8483565,Nick Blankenburg,/api/v1/people/8483565,D,Defenseman,Defenseman,D
663,29,8474679,Gustav Nyquist,/api/v1/people/8474679,L,Left Wing,Forward,LW
664,29,8475790,Erik Gudbranson,/api/v1/people/8475790,D,Defenseman,Defenseman,D
665,29,8476346,Johnny Gaudreau,/api/v1/people/8476346,L,Left Wing,Forward,LW
666,29,8476374,Sean Kuraly,/api/v1/people/8476374,C,Center,Forward,C
667,29,8478007,Elvis Merzlikins,/api/v1/people/8478007,G,Goalie,Goalie,G
668,29,8478458,Jack Roslovic,/api/v1/people/8478458,C,Center,Forward,C
669,29,8478882,Vladislav Gavrikov,/api/v1/people/8478882,D,Defenseman,Defenseman,D
670,29,8479339,Patrik Laine,/api/v1/people/8479339,L,Left Wing,Forward,LW
671,29,8479369,Andrew Peeke,/api/v1/people/8479369,D,Defenseman,Defenseman,D
672,29,8479671,Mathieu Olivier,/api/v1/people/8479671,R,Right Wing,Forward,RW
673,29,8479945,Gavin Bayreuther,/api/v1/people/8479945,D,Defenseman,Defenseman,D
674,29,8480193,Daniil Tarasov,/api/v1/people/8480193,G,Goalie,Goalie,G
675,29,8480292,Carson Meyer,/api/v1/people/8480292,R,Right Wing,Forward,RW
676,29,8480762,Eric Robinson,/api/v1/people/8480762,L,Left Wing,Forward,LW
677,29,8480853,Liam Foudy,/api/v1/people/8480853,C,Center,Forward,C
678,29,8480893,Kirill Marchenko,/api/v1/people/8480893,R,Right Wing,Forward,RW
679,29,8481072,Tim Berni,/api/v1/people/8481072,D,Defenseman,Defenseman,D
680,29,8482623,Josh Dunne,/api/v1/people/8482623,C,Center,Forward,C
681,29,8482660,Kent Johnson,/api/v1/people/8482660,C,Center,Forward,C
682,29,8482705,Cole Sillinger,/api/v1/people/8482705,C,Center,Forward,C
683,29,8482982,Jet Greaves,/api/v1/people/8482982,G,Goalie,Goalie,G
684,29,8483620,Marcus Bjork,/api/v1/people/8483620,D,Defenseman,Defenseman,D
685,30,8479520,Brandon Duhaime,/api/v1/people/8479520,R,Right Wing,Forward,RW
686,30,8480267,Samuel Walker,/api/v1/people/8480267,C,Center,Forward,C
687,30,8470594,Marc-Andre Fleury,/api/v1/people/8470594,G,Goalie,Goalie,G
688,30,8471274,Alex Goligoski,/api/v1/people/8471274,D,Defenseman,Defenseman,D
689,30,8471817,Ryan Reaves,/api/v1/people/8471817,R,Right Wing,Forward,RW
690,30,8474716,Jared Spurgeon,/api/v1/people/8474716,D,Defenseman,Defenseman,D
691,30,8475220,Marcus Foligno,/api/v1/people/8475220,L,Left Wing,Forward,LW
692,30,8475692,Mats Zuccarello,/api/v1/people/8475692,R,Right Wing,Forward,RW
693,30,8475750,Jon Merrill,/api/v1/people/8475750,D,Defenseman,Defenseman,D
694,30,8476396,Steven Fogarty,/api/v1/people/8476396,C,Center,Forward,C
695,30,8476463,Jonas Brodin,/api/v1/people/8476463,D,Defenseman,Defenseman,D
696,30,8476856,Matt Dumba,/api/v1/people/8476856,D,Defenseman,Defenseman,D
697,30,8477451,Ryan Hartman,/api/v1/people/8477451,R,Right Wing,Forward,RW
698,30,8477919,Frederick Gaudreau,/api/v1/people/8477919,C,Center,Forward,C
699,30,8478136,Jake Middleton,/api/v1/people/8478136,D,Defenseman,Defenseman,D
700,30,8478413,Jordan Greenway,/api/v1/people/8478413,L,Left Wing,Forward,LW
701,30,8478493,Joel Eriksson Ek,/api/v1/people/8478493,C,Center,Forward,C
702,30,8478864,Kirill Kaprizov,/api/v1/people/8478864,L,Left Wing,Forward,LW
703,30,8479351,Sam Steel,/api/v1/people/8479351,C,Center,Forward,C
704,30,8479406,Filip Gustavsson,/api/v1/people/8479406,G,Goalie,Goalie,G
705,30,8479972,Mason Shaw,/api/v1/people/8479972,C,Center,Forward,C
706,30,8480884,Calen Addison,/api/v1/people/8480884,D,Defenseman,Defenseman,D
707,30,8480980,Connor Dewar,/api/v1/people/8480980,C,Center,Forward,C
708,30,8481557,Matt Boldy,/api/v1/people/8481557,L,Left Wing,Forward,LW
709,52,8471218,Blake Wheeler,/api/v1/people/8471218,R,Right Wing,Forward,RW
710,52,8477220,Nate Schmidt,/api/v1/people/8477220,D,Defenseman,Defenseman,D
711,52,8477357,Saku Maenalanen,/api/v1/people/8477357,R,Right Wing,Forward,RW
712,52,8477940,Nikolaj Ehlers,/api/v1/people/8477940,L,Left Wing,Forward,LW
713,52,8478891,Mason Appleton,/api/v1/people/8478891,C,Center,Forward,C
714,52,8479378,Logan Stanley,/api/v1/people/8479378,D,Defenseman,Defenseman,D
715,52,8480244,Arvid Holm,/api/v1/people/8480244,G,Goalie,Goalie,G
716,52,8474040,Sam Gagner,/api/v1/people/8474040,C,Center,Forward,C
717,52,8475455,Brenden Dillon,/api/v1/people/8475455,D,Defenseman,Defenseman,D
718,52,8476331,Dylan DeMelo,/api/v1/people/8476331,D,Defenseman,Defenseman,D
719,52,8476392,Adam Lowry,/api/v1/people/8476392,C,Center,Forward,C
720,52,8476460,Mark Scheifele,/api/v1/people/8476460,C,Center,Forward,C
721,52,8476945,Connor Hellebuyck,/api/v1/people/8476945,G,Goalie,Goalie,G
722,52,8477504,Josh Morrissey,/api/v1/people/8477504,D,Defenseman,Defenseman,D
723,52,8478398,Kyle Connor,/api/v1/people/8478398,L,Left Wing,Forward,LW
724,52,8478424,Jansen Harkins,/api/v1/people/8478424,C,Center,Forward,C
725,52,8478476,Kyle Capobianco,/api/v1/people/8478476,D,Defenseman,Defenseman,D
726,52,8478831,Kevin Stenlund,/api/v1/people/8478831,C,Center,Forward,C
727,52,8479400,Pierre-Luc Dubois,/api/v1/people/8479400,L,Left Wing,Forward,LW
728,52,8479496,David Rittich,/api/v1/people/8479496,G,Goalie,Goalie,G
729,52,8479536,Axel Jonsson-Fjallby,/api/v1/people/8479536,L,Left Wing,Forward,LW
730,52,8479591,Michael Eyssimont,/api/v1/people/8479591,C,Center,Forward,C
731,52,8480049,Dylan Samberg,/api/v1/people/8480049,D,Defenseman,Defenseman,D
732,52,8480145,Neal Pionk,/api/v1/people/8480145,D,Defenseman,Defenseman,D
733,52,8480289,Morgan Barron,/api/v1/people/8480289,C,Center,Forward,C
734,52,8480901,Karson Kuhlman,/api/v1/people/8480901,C,Center,Forward,C
735,52,8481019,David Gustafsson,/api/v1/people/8481019,C,Center,Forward,C
736,52,8481572,Ville Heinola,/api/v1/people/8481572,D,Defenseman,Defenseman,D
737,52,8482149,Cole Perfetti,/api/v1/people/8482149,C,Center,Forward,C
738,53,8475178,Zack Kassian,/api/v1/people/8475178,R,Right Wing,Forward,RW
739,53,8475747,Patrik Nemeth,/api/v1/people/8475747,D,Defenseman,Defenseman,D
740,53,8475760,Nick Bjugstad,/api/v1/people/8475760,C,Center,Forward,C
741,53,8476329,Travis Boyd,/api/v1/people/8476329,C,Center,Forward,C
742,53,8476906,Shayne Gostisbehere,/api/v1/people/8476906,D,Defenseman,Defenseman,D
743,53,8477070,Liam O'Brien,/api/v1/people/8477070,C,Center,Forward,C
744,53,8477384,Josh Brown,/api/v1/people/8477384,D,Defenseman,Defenseman,D
745,53,8477941,Nick Ritchie,/api/v1/people/8477941,L,Left Wing,Forward,LW
746,53,8477951,Nick Schmaltz,/api/v1/people/8477951,C,Center,Forward,C
747,53,8478432,Christian Fischer,/api/v1/people/8478432,R,Right Wing,Forward,RW
748,53,8478474,Lawson Crouse,/api/v1/people/8478474,L,Left Wing,Forward,LW
749,53,8478872,Karel Vejmelka,/api/v1/people/8478872,G,Goalie,Goalie,G
750,53,8478971,Connor Ingram,/api/v1/people/8478971,G,Goalie,Goalie,G
751,53,8479343,Clayton Keller,/api/v1/people/8479343,R,Right Wing,Forward,RW
752,53,8479345,Jakob Chychrun,/api/v1/people/8479345,D,Defenseman,Defenseman,D
753,53,8479442,Troy Stecher,/api/v1/people/8479442,D,Defenseman,Defenseman,D
754,53,8479976,Juuso Valimaki,/api/v1/people/8479976,D,Defenseman,Defenseman,D
755,53,8480849,Barrett Hayton,/api/v1/people/8480849,C,Center,Forward,C
756,53,8480855,Jack McBain,/api/v1/people/8480855,C,Center,Forward,C
757,53,8481711,Matias Maccelli,/api/v1/people/8481711,L,Left Wing,Forward,LW
758,53,8482655,J.J. Moser,/api/v1/people/8482655,D,Defenseman,Defenseman,D
759,54,8478403,Jack Eichel,/api/v1/people/8478403,C,Center,Forward,C
760,54,8479353,Brett Howden,/api/v1/people/8479353,C,Center,Forward,C
761,54,8479974,Nolan Patrick,/api/v1/people/8479974,C,Center,Forward,C
762,54,8480727,Zach Whitecloud,/api/v1/people/8480727,D,Defenseman,Defenseman,D
763,54,8473548,Phil Kessel,/api/v1/people/8473548,C,Center,Forward,C
764,54,8474166,Alec Martinez,/api/v1/people/8474166,D,Defenseman,Defenseman,D
765,54,8474565,Alex Pietrangelo,/api/v1/people/8474565,D,Defenseman,Defenseman,D
766,54,8475188,Brayden McNabb,/api/v1/people/8475188,D,Defenseman,Defenseman,D
767,54,8475191,Reilly Smith,/api/v1/people/8475191,R,Right Wing,Forward,RW
768,54,8475913,Mark Stone,/api/v1/people/8475913,R,Right Wing,Forward,RW
769,54,8476448,William Karlsson,/api/v1/people/8476448,C,Center,Forward,C
770,54,8476539,Jonathan Marchessault,/api/v1/people/8476539,C,Center,Forward,C
771,54,8476905,Chandler Stephenson,/api/v1/people/8476905,C,Center,Forward,C
772,54,8477018,Ben Hutton,/api/v1/people/8477018,D,Defenseman,Defenseman,D
773,54,8477447,Shea Theodore,/api/v1/people/8477447,D,Defenseman,Defenseman,D
774,54,8477478,William Carrier,/api/v1/people/8477478,L,Left Wing,Forward,LW
775,54,8478020,Michael Amadio,/api/v1/people/8478020,C,Center,Forward,C
776,54,8478434,Keegan Kolesar,/api/v1/people/8478434,R,Right Wing,Forward,RW
777,54,8478462,Nicolas Roy,/api/v1/people/8478462,C,Center,Forward,C
778,54,8478499,Adin Hill,/api/v1/people/8478499,G,Goalie,Goalie,G
779,54,8479980,Nicolas Hague,/api/v1/people/8479980,D,Defenseman,Defenseman,D
780,54,8479991,Jake Leschyshyn,/api/v1/people/8479991,C,Center,Forward,C
781,54,8480313,Logan Thompson,/api/v1/people/8480313,G,Goalie,Goalie,G
782,54,8481032,Paul Cotter,/api/v1/people/8481032,C,Center,Forward,C
783,54,8482624,Daniil Miromanov,/api/v1/people/8482624,D,Defenseman,Defenseman,D
784,55,8475820,Joonas Donskoi,/api/v1/people/8475820,R,Right Wing,Forward,RW
785,55,8476904,Chris Driedger,/api/v1/people/8476904,G,Goalie,Goalie,G
786,55,8474586,Jordan Eberle,/api/v1/people/8474586,R,Right Wing,Forward,RW
787,55,8474602,Justin Schultz,/api/v1/people/8474602,D,Defenseman,Defenseman,D
788,55,8474889,Martin Jones,/api/v1/people/8474889,G,Goalie,Goalie,G
789,55,8475768,Jaden Schwartz,/api/v1/people/8475768,C,Center,Forward,C
790,55,8475831,Philipp Grubauer,/api/v1/people/8475831,G,Goalie,Goalie,G
791,55,8476457,Adam Larsson,/api/v1/people/8476457,D,Defenseman,Defenseman,D
792,55,8476467,Jamie Oleksiak,/api/v1/people/8476467,D,Defenseman,Defenseman,D
793,55,8476826,Yanni Gourde,/api/v1/people/8476826,C,Center,Forward,C
794,55,8477369,Carson Soucy,/api/v1/people/8477369,D,Defenseman,Defenseman,D
795,55,8477416,Oliver Bjorkstrand,/api/v1/people/8477416,R,Right Wing,Forward,RW
796,55,8477444,Andre Burakovsky,/api/v1/people/8477444,L,Left Wing,Forward,LW
797,55,8477505,Alex Wennberg,/api/v1/people/8477505,C,Center,Forward,C
798,55,8477955,Jared McCann,/api/v1/people/8477955,L,Left Wing,Forward,LW
799,55,8477987,Ryan Donato,/api/v1/people/8477987,C,Center,Forward,C
800,55,8478407,Vince Dunn,/api/v1/people/8478407,D,Defenseman,Defenseman,D
801,55,8478466,Daniel Sprong,/api/v1/people/8478466,R,Right Wing,Forward,RW
802,55,8478840,Will Borgen,/api/v1/people/8478840,D,Defenseman,Defenseman,D
803,55,8479293,Brandon Tanev,/api/v1/people/8479293,L,Left Wing,Forward,LW
804,55,8479985,Cale Fleury,/api/v1/people/8479985,D,Defenseman,Defenseman,D
805,55,8479987,Morgan Geekie,/api/v1/people/8479987,C,Center,Forward,C
806,55,8480009,Eeli Tolvanen,/api/v1/people/8480009,R,Right Wing,Forward,RW
807,55,8482665,Matty Beniers,/api/v1/people/8482665,C,Center,Forward,C
